<?xml version='1.0' encoding='UTF-8' ?>
<timeLogEntries>
  <time id="1" path="/Proyecto/identificación del problema" start="@1539364789271" delta="4" />
  <time id="2" path="/Proyecto/identificación del problema" start="@1539366911991" delta="50" />
  <time id="3" path="/Proyecto/recopilación de la información" start="@1539380137860" delta="61" />
  <time id="4" path="/Proyecto/diseño preliminar" start="@1539383798254" delta="25" />
  <time id="5" path="/Proyecto/diseño preliminar" start="@1539389486345" delta="30" />
  <time id="6" path="/Proyecto/especificaciones" start="@1540350928527" delta="56" />
  <time id="7" path="/Proyecto/especificaciones" start="@1540359302148" delta="34" interrupt="1" />
  <time id="8" path="/Proyecto/especificaciones" start="@1540437944913" delta="129" />
  <time id="9" path="/Proyecto/implementación" start="@1540445715086" delta="33" />
  <time id="10" path="/Proyecto/busqueda de soluciones creativas" start="@1540483074322" delta="62" />
  <time id="11" path="/Proyecto/diseño preliminar" start="@1540486818502" delta="4" />
  <time id="12" path="/Proyecto/identificación del problema" start="@1540487061098" delta="1" />
  <time id="13" path="/Proyecto/recopilación de la información" start="@1540487062673" delta="1" />
  <time id="14" path="/Proyecto/busqueda de soluciones creativas" start="@1540487064265" delta="1" />
  <time id="15" path="/Proyecto/evaluacion de soluciones" start="@1540487064744" delta="1" />
  <time id="16" path="/Proyecto/especificaciones" start="@1540487065653" delta="1" />
  <time id="17" path="/Proyecto/implementación" start="@1540487066379" />
  <time id="18" path="/Proyecto/diseño preliminar" start="@1540487106069" delta="12" />
  <time id="19" path="/Proyecto/identificación del problema" start="@1540487839557" delta="37" />
</timeLogEntries>
